{
  "Payouts_tr_CreateBatchPayout" : {
    "transaction" : "Payouts_tr_CreateBatchPayout",
    "sampleCount" : 328,
    "errorCount" : 24,
    "errorPct" : 7.3170733,
    "meanResTime" : 267235.2896341464,
    "medianResTime" : 629.5,
    "minResTime" : 589.0,
    "maxResTime" : 5041872.0,
    "pct1ResTime" : 1337.900000000001,
    "pct2ResTime" : 4477706.600000001,
    "pct3ResTime" : 5041495.68,
    "throughput" : 0.06488856180833344,
    "receivedKBytesPerSec" : 0.08607850094068632,
    "sentKBytesPerSec" : 0.043440321873479175
  },
  "Payouts_tr_ShowPayoutItemsDetails" : {
    "transaction" : "Payouts_tr_ShowPayoutItemsDetails",
    "sampleCount" : 285,
    "errorCount" : 23,
    "errorPct" : 8.070175,
    "meanResTime" : 279510.8140350877,
    "medianResTime" : 518.0,
    "minResTime" : 484.0,
    "maxResTime" : 5041401.0,
    "pct1ResTime" : 1086.4,
    "pct2ResTime" : 4867714.4999999935,
    "pct3ResTime" : 5041308.96,
    "throughput" : 0.056400641661194816,
    "receivedKBytesPerSec" : 0.09221052686065717,
    "sentKBytesPerSec" : 0.01653947270644317
  },
  "Total" : {
    "transaction" : "Total",
    "sampleCount" : 1130,
    "errorCount" : 222,
    "errorPct" : 19.646017,
    "meanResTime" : 715178.2504424778,
    "medianResTime" : 631.5,
    "minResTime" : 484.0,
    "maxResTime" : 5041872.0,
    "pct1ResTime" : 4878842.4,
    "pct2ResTime" : 5041021.9,
    "pct3ResTime" : 5041347.69,
    "throughput" : 0.22348039266098302,
    "receivedKBytesPerSec" : 0.3897570898536539,
    "sentKBytesPerSec" : 0.088670604635102
  },
  "Payouts_tr_ShowPayoutBatchDetails" : {
    "transaction" : "Payouts_tr_ShowPayoutBatchDetails",
    "sampleCount" : 307,
    "errorCount" : 25,
    "errorPct" : 8.143323,
    "meanResTime" : 261964.7654723127,
    "medianResTime" : 519.0,
    "minResTime" : 487.0,
    "maxResTime" : 5041383.0,
    "pct1ResTime" : 1093.4,
    "pct2ResTime" : 2935271.5999998697,
    "pct3ResTime" : 5041153.24,
    "throughput" : 0.06074223449114232,
    "receivedKBytesPerSec" : 0.11589190474193058,
    "sentKBytesPerSec" : 0.019801008526369648
  },
  "HTTP Request" : {
    "transaction" : "HTTP Request",
    "sampleCount" : 1070,
    "errorCount" : 162,
    "errorPct" : 15.140187,
    "meanResTime" : 530444.7785046732,
    "medianResTime" : 624.5,
    "minResTime" : 484.0,
    "maxResTime" : 5041872.0,
    "pct1ResTime" : 4464930.4,
    "pct2ResTime" : 4984626.65,
    "pct3ResTime" : 5041245.06,
    "throughput" : 0.21161417712146177,
    "receivedKBytesPerSec" : 0.3598115052279579,
    "sentKBytesPerSec" : 0.08751913365452542
  }
}