{
  "Payouts_tr_CreateBatchPayout" : {
    "transaction" : "Payouts_tr_CreateBatchPayout",
    "sampleCount" : 53,
    "errorCount" : 4,
    "errorPct" : 7.5471697,
    "meanResTime" : 297562.75471698114,
    "medianResTime" : 1022.0,
    "minResTime" : 605.0,
    "maxResTime" : 5041872.0,
    "pct1ResTime" : 1747.6000000000004,
    "pct2ResTime" : 5041647.5,
    "pct3ResTime" : 5041872.0,
    "throughput" : 0.010485166456963338,
    "receivedKBytesPerSec" : 0.014013709355142479,
    "sentKBytesPerSec" : 0.0069840574775063505
  },
  "Payouts_tr_ShowPayoutItemsDetails" : {
    "transaction" : "Payouts_tr_ShowPayoutItemsDetails",
    "sampleCount" : 46,
    "errorCount" : 3,
    "errorPct" : 6.521739,
    "meanResTime" : 329430.847826087,
    "medianResTime" : 554.5,
    "minResTime" : 489.0,
    "maxResTime" : 5041401.0,
    "pct1ResTime" : 1088.8,
    "pct2ResTime" : 5041250.1,
    "pct3ResTime" : 5041401.0,
    "throughput" : 0.009103414591863248,
    "receivedKBytesPerSec" : 0.01537708656199455,
    "sentKBytesPerSec" : 0.002634354710888416
  },
  "Total" : {
    "transaction" : "Total",
    "sampleCount" : 258,
    "errorCount" : 110,
    "errorPct" : 42.63566,
    "meanResTime" : 1526330.7558139535,
    "medianResTime" : 1133.0,
    "minResTime" : 489.0,
    "maxResTime" : 5041872.0,
    "pct1ResTime" : 4985432.1,
    "pct2ResTime" : 5041033.9,
    "pct3ResTime" : 5041865.51,
    "throughput" : 0.05102472681994125,
    "receivedKBytesPerSec" : 0.09772245668435788,
    "sentKBytesPerSec" : 0.016289007464245112
  },
  "Payouts_tr_ShowPayoutBatchDetails" : {
    "transaction" : "Payouts_tr_ShowPayoutBatchDetails",
    "sampleCount" : 49,
    "errorCount" : 3,
    "errorPct" : 6.122449,
    "meanResTime" : 125291.32653061225,
    "medianResTime" : 532.0,
    "minResTime" : 489.0,
    "maxResTime" : 5041023.0,
    "pct1ResTime" : 1084.0,
    "pct2ResTime" : 532877.5,
    "pct3ResTime" : 5041023.0,
    "throughput" : 0.009695171923098688,
    "receivedKBytesPerSec" : 0.01809555456333935,
    "sentKBytesPerSec" : 0.0032554260315761857
  },
  "HTTP Request" : {
    "transaction" : "HTTP Request",
    "sampleCount" : 248,
    "errorCount" : 100,
    "errorPct" : 40.322582,
    "meanResTime" : 1438886.6451612904,
    "medianResTime" : 1087.5,
    "minResTime" : 489.0,
    "maxResTime" : 5041872.0,
    "pct1ResTime" : 4954424.6,
    "pct2ResTime" : 5018587.7,
    "pct3ResTime" : 5041711.06,
    "throughput" : 0.04904702423002105,
    "receivedKBytesPerSec" : 0.093058825391506,
    "sentKBytesPerSec" : 0.016013790062815787
  }
}